file,start_packet,burst_length,clean_gap_rms_db,gap_snr_lpc,gap_snr_nn
xX6Wce-607-140209-262731-151331-7708-427818-497426,48,1,-29.269132614135742,8.345352,7.16188
xX6Wce-607-140209-262731-151331-7708-427818-497426,131,1,-28.22997283935547,16.805447,14.220499
xX6Wce-607-140209-262731-151331-7708-427818-497426,138,1,-28.83183479309082,17.527334,14.3377495
xX6Wce-607-140209-262731-151331-7708-427818-497426,189,1,-25.012605667114258,17.388412,14.99998
xX6Wce-607-140209-262731-151331-7708-427818-497426,209,1,-26.222698211669922,19.426767,18.555157
xX6Wce-607-140209-262731-151331-7708-427818-497426,215,1,-29.161636352539062,4.74536,3.8880115
xX6Wce-607-140209-262731-151331-7708-427818-497426,217,1,-33.5788688659668,2.580418,3.0968509
xX6Wce-607-140209-262731-151331-7708-427818-497426,238,1,-48.478111267089844,8.015523,8.373327
xX6Wce-607-140209-262731-151331-7708-427818-497426,300,1,-37.885032653808594,-0.1441628,-0.76034397
xX6Wce-607-140209-262731-151331-7708-427818-497426,302,1,-25.95953941345215,0.3444655,-0.2218739
xX6Wce-607-140209-262731-151331-7708-427818-497426,391,1,-25.176166534423828,18.217209,19.73605
xX6Wce-607-140209-262731-151331-7708-427818-497426,394,1,-25.508991241455078,18.648882,19.606733
xX6Wce-607-140209-262731-151331-7708-427818-497426,413,1,-26.44626235961914,16.857885,17.98684
xX6Wce-607-140209-262731-151331-7708-427818-497426,419,1,-34.197662353515625,7.367158,6.9951434
xX6Wce-607-140209-262731-151331-7708-427818-497426,421,1,-32.418521881103516,11.232653,12.765371
xX6Wce-607-140209-262731-151331-7708-427818-497426,428,1,-33.905235290527344,18.791325,17.859514
xX6Wce-607-140209-262731-151331-7708-427818-497426,435,1,-19.22788429260254,-0.7100961,-0.8092744
xX6Wce-607-140209-262731-151331-7708-427818-497426,441,1,-18.766704559326172,5.770364,6.3390183
xX6Wce-607-140209-262731-151331-7708-427818-497426,503,1,-20.097684860229492,1.6161089,1.4024752
xX6Wce-607-140209-262731-151331-7708-427818-497426,533,1,-27.97266387939453,0.12983909,5.3582296
xX6Wce-607-140209-262731-151331-7708-427818-497426,584,1,-19.071109771728516,8.958257,13.983087
xX6Wce-607-140209-262731-151331-7708-427818-497426,587,1,-19.33841323852539,11.72406,7.1288347
xX6Wce-607-140209-262731-151331-7708-427818-497426,707,1,-25.25836753845215,19.33915,18.553658
xX6Wce-607-140209-262731-151331-7708-427818-497426,720,1,-26.38973617553711,22.29769,20.445135
xX6Wce-607-140209-262731-151331-7708-427818-497426,740,2,-22.620515823364258,1.8879833,0.5237088
xX6Wce-607-140209-262731-151331-7708-427818-497426,775,2,-48.894020080566406,4.781318,3.8645034
xX6Wce-607-140209-262731-151331-7708-427818-497426,780,1,-46.74690628051758,7.069229,7.6824245
xX6Wce-607-140209-262731-151331-7708-427818-497426,796,1,-23.96381187438965,21.007847,23.4417
xX6Wce-607-140209-262731-151331-7708-427818-497426,845,1,-21.65174674987793,5.4514227,4.7519245
xX6Wce-607-140209-262731-151331-7708-427818-497426,882,1,-27.64510154724121,19.292446,17.839941
xX6Wce-607-140209-262731-151331-7708-427818-497426,895,2,-26.728517532348633,16.38359,19.000008
xX6Wce-607-140209-262731-151331-7708-427818-497426,905,1,-26.64516830444336,16.757076,16.004276
xX6Wce-607-140209-262731-151331-7708-427818-497426,993,1,-36.495357513427734,-0.00797865,-0.7877027
xX6Wce-607-140209-262731-151331-7708-427818-497426,995,1,-24.065505981445312,-1.0146914,-0.70722365
xX6Wce-607-140209-262731-151331-7708-427818-497426,1011,1,-25.504655838012695,16.643631,16.769775
xX6Wce-607-140209-262731-151331-7708-427818-497426,1013,2,-26.373287200927734,11.202232,9.949724
xX6Wce-607-140209-262731-151331-7708-427818-497426,1032,1,-22.14330291748047,7.553816,11.939193
xX6Wce-607-140209-262731-151331-7708-427818-497426,1036,1,-22.820817947387695,17.037085,19.724237
xX6Wce-607-140209-262731-151331-7708-427818-497426,1081,1,-24.90491485595703,16.978424,20.074547
xX6Wce-607-140209-262731-151331-7708-427818-497426,1127,1,-25.43241310119629,19.753448,23.113441
xX6Wce-607-140209-262731-151331-7708-427818-497426,1132,1,-25.648468017578125,20.720778,24.165632
xX6Wce-607-140209-262731-151331-7708-427818-497426,1160,1,-21.488040924072266,16.15051,15.82564
xX6Wce-607-140209-262731-151331-7708-427818-497426,1209,1,-22.013151168823242,16.68063,17.51405
xX6Wce-607-140209-262731-151331-7708-427818-497426,1278,1,-24.109966278076172,10.783085,11.249439
xX6Wce-607-140209-262731-151331-7708-427818-497426,1286,1,-26.558917999267578,9.717175,11.441801
xX6Wce-607-140209-262731-151331-7708-427818-497426,1293,1,-29.03371810913086,7.902302,8.221884
xX6Wce-607-140209-262731-151331-7708-427818-497426,1342,1,-29.888778686523438,3.6011698,1.2352841
xX6Wce-607-140209-262731-151331-7708-427818-497426,1361,1,-20.999500274658203,6.332915,8.829335
wkCjvp-408-175927-2985-407790-280816-275802-343332,6,3,-61.756385803222656,0.8332562,-0.98996174
wkCjvp-408-175927-2985-407790-280816-275802-343332,10,1,-65.07120513916016,3.85524,7.38817
wkCjvp-408-175927-2985-407790-280816-275802-343332,12,1,-63.14093017578125,0.82252795,-0.17282903
wkCjvp-408-175927-2985-407790-280816-275802-343332,16,1,-63.03800582885742,2.4949722,0.5396371
wkCjvp-408-175927-2985-407790-280816-275802-343332,18,1,-43.621482849121094,0.87590694,0.468288
wkCjvp-408-175927-2985-407790-280816-275802-343332,22,1,-35.64048385620117,0.9774146,1.1614883
wkCjvp-408-175927-2985-407790-280816-275802-343332,36,1,-30.43535041809082,17.795061,15.00885
wkCjvp-408-175927-2985-407790-280816-275802-343332,38,1,-32.37181091308594,12.88638,11.763851
wkCjvp-408-175927-2985-407790-280816-275802-343332,40,1,-32.67917251586914,9.698383,9.815039
wkCjvp-408-175927-2985-407790-280816-275802-343332,43,1,-30.00265121459961,13.037954,14.88336
wkCjvp-408-175927-2985-407790-280816-275802-343332,47,1,-30.49087142944336,15.577843,15.641538
wkCjvp-408-175927-2985-407790-280816-275802-343332,51,1,-31.493915557861328,16.94411,16.8672
wkCjvp-408-175927-2985-407790-280816-275802-343332,60,1,-30.953929901123047,19.869081,18.882507
wkCjvp-408-175927-2985-407790-280816-275802-343332,66,1,-44.976531982421875,7.611993,7.556563
wkCjvp-408-175927-2985-407790-280816-275802-343332,69,2,-38.171939849853516,5.763786,5.3400035
wkCjvp-408-175927-2985-407790-280816-275802-343332,72,1,-39.08001708984375,8.193367,9.803285
wkCjvp-408-175927-2985-407790-280816-275802-343332,75,1,-44.7667236328125,14.858612,14.827869
wkCjvp-408-175927-2985-407790-280816-275802-343332,80,1,-49.93878173828125,3.154434,2.192132
wkCjvp-408-175927-2985-407790-280816-275802-343332,82,1,-47.330650329589844,8.073159,8.818076
wkCjvp-408-175927-2985-407790-280816-275802-343332,85,1,-47.048072814941406,9.91869,6.5068493
wkCjvp-408-175927-2985-407790-280816-275802-343332,87,1,-45.931434631347656,9.140422,6.275999
wkCjvp-408-175927-2985-407790-280816-275802-343332,94,2,-50.21889114379883,8.150733,6.51404
wkCjvp-408-175927-2985-407790-280816-275802-343332,98,1,-48.176273345947266,6.696743,5.5286922
wkCjvp-408-175927-2985-407790-280816-275802-343332,101,2,-52.06894302368164,10.896139,8.197939
wkCjvp-408-175927-2985-407790-280816-275802-343332,105,1,-49.13826370239258,7.1675353,5.7857566
wkCjvp-408-175927-2985-407790-280816-275802-343332,107,1,-50.47310256958008,4.142433,3.1939387
wkCjvp-408-175927-2985-407790-280816-275802-343332,113,1,-28.56641960144043,1.3422134,-0.0652897
wkCjvp-408-175927-2985-407790-280816-275802-343332,115,1,-25.18880844116211,1.8780725,0.38235632
wkCjvp-408-175927-2985-407790-280816-275802-343332,117,3,-20.545276641845703,0.78941756,-0.788495
wkCjvp-408-175927-2985-407790-280816-275802-343332,133,1,-41.93759536743164,3.1977155,4.277684
wkCjvp-408-175927-2985-407790-280816-275802-343332,142,1,-43.88842010498047,4.6644025,3.7102966
wkCjvp-408-175927-2985-407790-280816-275802-343332,152,1,-55.250545501708984,0.7417412,-3.066473
wkCjvp-408-175927-2985-407790-280816-275802-343332,158,1,-32.770545959472656,1.3683928,-2.1511128
wkCjvp-408-175927-2985-407790-280816-275802-343332,164,1,-24.830629348754883,8.8774395,13.449411
wkCjvp-408-175927-2985-407790-280816-275802-343332,167,1,-26.289390563964844,13.079261,15.283054
wkCjvp-408-175927-2985-407790-280816-275802-343332,170,1,-26.71066665649414,13.559219,15.0607
wkCjvp-408-175927-2985-407790-280816-275802-343332,179,2,-29.876508712768555,15.290398,17.282627
wkCjvp-408-175927-2985-407790-280816-275802-343332,182,1,-36.6080436706543,6.1435356,5.669364
wkCjvp-408-175927-2985-407790-280816-275802-343332,186,1,-45.3737678527832,4.8099713,5.003063
wkCjvp-408-175927-2985-407790-280816-275802-343332,192,2,-53.31926345825195,0.96890044,-0.5587697
wkCjvp-408-175927-2985-407790-280816-275802-343332,196,3,-51.858219146728516,3.4145026,1.9689614
wkCjvp-408-175927-2985-407790-280816-275802-343332,200,3,-55.08753204345703,-0.18643811,0.16294397
wkCjvp-408-175927-2985-407790-280816-275802-343332,205,1,-37.82004928588867,0.033607844,-0.0026660375
wkCjvp-408-175927-2985-407790-280816-275802-343332,210,1,-27.35651969909668,4.553544,2.7503097
wkCjvp-408-175927-2985-407790-280816-275802-343332,213,1,-22.83778953552246,4.8924546,3.7091696
wkCjvp-408-175927-2985-407790-280816-275802-343332,215,1,-23.82483673095703,4.8143425,5.390278
wkCjvp-408-175927-2985-407790-280816-275802-343332,222,1,-26.160409927368164,10.870489,9.591586
wkCjvp-408-175927-2985-407790-280816-275802-343332,231,2,-31.386611938476562,13.675947,11.623806
wkCjvp-408-175927-2985-407790-280816-275802-343332,234,1,-33.548118591308594,16.105906,17.865162
wkCjvp-408-175927-2985-407790-280816-275802-343332,236,1,-34.54125213623047,12.772441,9.661051
wkCjvp-408-175927-2985-407790-280816-275802-343332,242,1,-38.385921478271484,16.804213,13.463446
wkCjvp-408-175927-2985-407790-280816-275802-343332,244,1,-40.70777893066406,15.229219,13.139414
wkCjvp-408-175927-2985-407790-280816-275802-343332,246,2,-44.025455474853516,9.77501,5.1411104
wkCjvp-408-175927-2985-407790-280816-275802-343332,257,3,-57.763675689697266,0.739958,-3.3990073
wkCjvp-408-175927-2985-407790-280816-275802-343332,261,2,-55.5803337097168,1.4095712,-1.366015
wkCjvp-408-175927-2985-407790-280816-275802-343332,264,1,-54.28392028808594,4.5117197,3.1115131
wkCjvp-408-175927-2985-407790-280816-275802-343332,267,1,-60.3272819519043,3.5483985,1.9941876
wkCjvp-408-175927-2985-407790-280816-275802-343332,269,1,-61.65328598022461,3.9192865,3.1621573
wkCjvp-408-175927-2985-407790-280816-275802-343332,274,1,-59.02876281738281,4.7202873,1.350962
wkCjvp-408-175927-2985-407790-280816-275802-343332,278,2,-58.968406677246094,1.4094543,-1.3657714
wkCjvp-408-175927-2985-407790-280816-275802-343332,282,1,-63.28290939331055,0.345539,-4.5486054
wkCjvp-408-175927-2985-407790-280816-275802-343332,285,1,-58.78970718383789,2.9618645,2.9848597
wkCjvp-408-175927-2985-407790-280816-275802-343332,288,1,-63.321044921875,5.438216,2.0469952
wkCjvp-408-175927-2985-407790-280816-275802-343332,296,1,-63.23612594604492,5.345094,4.563975
wkCjvp-408-175927-2985-407790-280816-275802-343332,301,1,-32.60151290893555,-1.3216199,-2.7967355
wkCjvp-408-175927-2985-407790-280816-275802-343332,308,1,-21.2872314453125,6.771324,8.57505
wkCjvp-408-175927-2985-407790-280816-275802-343332,311,1,-18.509727478027344,10.4793,13.002848
wkCjvp-408-175927-2985-407790-280816-275802-343332,317,3,-18.189006805419922,12.053755,13.068935
wkCjvp-408-175927-2985-407790-280816-275802-343332,322,1,-19.159202575683594,15.33888,16.891977
wkCjvp-408-175927-2985-407790-280816-275802-343332,324,1,-19.846317291259766,18.014786,20.181341
wkCjvp-408-175927-2985-407790-280816-275802-343332,328,1,-20.613088607788086,20.576946,19.206331
wkCjvp-408-175927-2985-407790-280816-275802-343332,332,1,-20.977954864501953,17.160759,19.595358
wkCjvp-408-175927-2985-407790-280816-275802-343332,338,2,-20.573406219482422,15.07349,18.848505
wkCjvp-408-175927-2985-407790-280816-275802-343332,343,2,-23.743131637573242,25.010359,21.296482
wkCjvp-408-175927-2985-407790-280816-275802-343332,346,1,-26.227428436279297,22.386168,23.861906
wkCjvp-408-175927-2985-407790-280816-275802-343332,348,3,-33.9874382019043,5.556531,4.483995
wkCjvp-408-175927-2985-407790-280816-275802-343332,354,2,-42.747920989990234,2.3252954,4.204276
wkCjvp-408-175927-2985-407790-280816-275802-343332,358,1,-42.99995422363281,10.90069,10.695351
wkCjvp-408-175927-2985-407790-280816-275802-343332,361,2,-49.610328674316406,5.0267224,3.5382855
wkCjvp-408-175927-2985-407790-280816-275802-343332,365,1,-53.59424591064453,-2.8261282,0.017626695
wkCjvp-408-175927-2985-407790-280816-275802-343332,369,1,-55.51889419555664,5.8963194,4.9910984
wkCjvp-408-175927-2985-407790-280816-275802-343332,373,1,-58.126773834228516,0.4475737,-0.22694755
wkCjvp-408-175927-2985-407790-280816-275802-343332,375,1,-60.488529205322266,0.2498332,-0.32728836
wkCjvp-408-175927-2985-407790-280816-275802-343332,379,1,-48.77961730957031,3.848728,5.6221347
wkCjvp-408-175927-2985-407790-280816-275802-343332,382,1,-52.16870880126953,1.4304961,4.5245905
wkCjvp-408-175927-2985-407790-280816-275802-343332,387,2,-60.98527526855469,6.333339,-6.516713
wkCjvp-408-175927-2985-407790-280816-275802-343332,391,1,-62.251007080078125,0.24338338,-1.4901702
wkCjvp-408-175927-2985-407790-280816-275802-343332,393,1,-40.27482986450195,-0.25173748,-1.47245
wkCjvp-408-175927-2985-407790-280816-275802-343332,395,1,-30.043128967285156,0.7263562,1.0462184
wkCjvp-408-175927-2985-407790-280816-275802-343332,402,1,-17.759382247924805,9.345812,7.542932
wkCjvp-408-175927-2985-407790-280816-275802-343332,405,1,-14.930840492248535,9.866119,5.9060907
wkCjvp-408-175927-2985-407790-280816-275802-343332,412,2,-12.578907012939453,9.893121,8.33537
wkCjvp-408-175927-2985-407790-280816-275802-343332,416,1,-13.442377090454102,14.50803,13.381434
wkCjvp-408-175927-2985-407790-280816-275802-343332,419,1,-14.953185081481934,14.814458,12.126317
wkCjvp-408-175927-2985-407790-280816-275802-343332,421,3,-16.854843139648438,12.239773,9.6115675
wkCjvp-408-175927-2985-407790-280816-275802-343332,425,1,-19.066347122192383,11.090003,10.136638
wkCjvp-408-175927-2985-407790-280816-275802-343332,428,1,-20.58526039123535,9.1555605,7.128067
wkCjvp-408-175927-2985-407790-280816-275802-343332,430,1,-20.907936096191406,8.192316,7.6704164
wkCjvp-408-175927-2985-407790-280816-275802-343332,432,1,-20.424022674560547,9.353401,8.524932
wkCjvp-408-175927-2985-407790-280816-275802-343332,436,2,-18.863536834716797,8.6956005,8.3307905
wkCjvp-408-175927-2985-407790-280816-275802-343332,439,1,-19.71088409423828,12.663589,9.794399
wkCjvp-408-175927-2985-407790-280816-275802-343332,442,1,-22.45600700378418,15.748062,11.763626
wkCjvp-408-175927-2985-407790-280816-275802-343332,447,1,-29.341712951660156,9.273586,7.587834
wkCjvp-408-175927-2985-407790-280816-275802-343332,449,1,-30.376079559326172,17.356972,17.966576
wkCjvp-408-175927-2985-407790-280816-275802-343332,473,1,-45.989959716796875,9.6559105,4.0331683
wkCjvp-408-175927-2985-407790-280816-275802-343332,484,1,-48.215187072753906,11.927952,11.081447
wkCjvp-408-175927-2985-407790-280816-275802-343332,492,1,-29.244461059570312,-0.21435513,-2.8020585
wkCjvp-408-175927-2985-407790-280816-275802-343332,503,1,-18.903024673461914,14.880091,15.922987
wkCjvp-408-175927-2985-407790-280816-275802-343332,513,1,-19.540287017822266,19.425913,19.952585
wkCjvp-408-175927-2985-407790-280816-275802-343332,606,1,-32.56315994262695,13.667926,8.473509
wkCjvp-408-175927-2985-407790-280816-275802-343332,617,1,-23.577800750732422,11.215382,12.70463
wkCjvp-408-175927-2985-407790-280816-275802-343332,648,1,-33.385433197021484,10.689722,9.852062
wkCjvp-408-175927-2985-407790-280816-275802-343332,650,1,-36.066688537597656,8.551789,8.33165
wkCjvp-408-175927-2985-407790-280816-275802-343332,670,1,-29.75890350341797,2.6859388,-1.9115137
wkCjvp-408-175927-2985-407790-280816-275802-343332,691,1,-28.99226188659668,-0.50538164,-2.5599144
wkCjvp-408-175927-2985-407790-280816-275802-343332,699,1,-24.267086029052734,1.4986699,1.6616151
wkCjvp-408-175927-2985-407790-280816-275802-343332,715,1,-33.810142517089844,3.7076342,6.330321
wkCjvp-408-175927-2985-407790-280816-275802-343332,725,1,-45.54887771606445,2.740556,6.870473
wkCjvp-408-175927-2985-407790-280816-275802-343332,739,1,-23.66513442993164,5.822027,2.1779459
wkCjvp-408-175927-2985-407790-280816-275802-343332,757,1,-29.86008644104004,1.4318174,6.331173
wkCjvp-408-175927-2985-407790-280816-275802-343332,772,1,-43.45512390136719,6.2643456,10.297351
wkCjvp-408-175927-2985-407790-280816-275802-343332,774,1,-44.37770080566406,3.3872771,5.4858923
wkCjvp-408-175927-2985-407790-280816-275802-343332,784,1,-22.32903289794922,7.150799,4.870319
wkCjvp-408-175927-2985-407790-280816-275802-343332,798,1,-25.79593276977539,0.06884295,3.8975012
wkCjvp-408-175927-2985-407790-280816-275802-343332,804,2,-28.632366180419922,0.68710685,2.0064125
wkCjvp-408-175927-2985-407790-280816-275802-343332,815,1,-40.01951599121094,4.7925014,5.4649854
wkCjvp-408-175927-2985-407790-280816-275802-343332,822,1,-40.99041748046875,10.335737,-2.8280387
wkCjvp-408-175927-2985-407790-280816-275802-343332,870,1,-39.095733642578125,13.183575,9.419676
wkCjvp-408-175927-2985-407790-280816-275802-343332,877,1,-29.924585342407227,-0.33207065,6.271765
wkCjvp-408-175927-2985-407790-280816-275802-343332,879,1,-25.5925350189209,2.4361315,5.9015107
wkCjvp-408-175927-2985-407790-280816-275802-343332,882,1,-24.83087730407715,3.5894628,8.925764
wkCjvp-408-175927-2985-407790-280816-275802-343332,915,1,-34.246883392333984,6.886713,11.3700695
wkCjvp-408-175927-2985-407790-280816-275802-343332,919,1,-33.51005172729492,17.3337,9.084162
wkCjvp-408-175927-2985-407790-280816-275802-343332,950,1,-20.122709274291992,4.7365956,9.841823
PiKSIp-112-109021-465867-125189-123174-211212-334242,74,1,-23.024904251098633,15.571276,14.11963
PiKSIp-112-109021-465867-125189-123174-211212-334242,96,2,-29.473228454589844,10.484772,12.671567
PiKSIp-112-109021-465867-125189-123174-211212-334242,148,1,-57.23497009277344,2.0591676,-0.10742031
PiKSIp-112-109021-465867-125189-123174-211212-334242,184,1,-22.69382667541504,2.9393137,8.573111
PiKSIp-112-109021-465867-125189-123174-211212-334242,187,1,-20.370275497436523,3.3017466,9.3962555
PiKSIp-112-109021-465867-125189-123174-211212-334242,240,1,-47.61008834838867,0.7917976,4.132015
PiKSIp-112-109021-465867-125189-123174-211212-334242,243,1,-49.33441162109375,10.955994,-0.23136064
PiKSIp-112-109021-465867-125189-123174-211212-334242,255,1,-53.87786102294922,5.0877357,1.3969308
PiKSIp-112-109021-465867-125189-123174-211212-334242,259,2,-57.15237045288086,1.4845897,-1.7903786
PiKSIp-112-109021-465867-125189-123174-211212-334242,263,1,-60.60857391357422,1.3687396,-2.7341998
PiKSIp-112-109021-465867-125189-123174-211212-334242,265,1,-61.775020599365234,1.7186687,1.1618595
PiKSIp-112-109021-465867-125189-123174-211212-334242,282,1,-66.8076171875,2.8734975,-0.19269347
PiKSIp-112-109021-465867-125189-123174-211212-334242,341,2,-26.250396728515625,-0.20741083,0.6454121
PiKSIp-112-109021-465867-125189-123174-211212-334242,358,1,-40.44915771484375,-1.834003,-0.08762056
PiKSIp-112-109021-465867-125189-123174-211212-334242,386,1,-44.03772735595703,2.3291194,3.1046667
PiKSIp-112-109021-465867-125189-123174-211212-334242,428,2,-61.062049865722656,0.69677806,-0.84737414
PiKSIp-112-109021-465867-125189-123174-211212-334242,487,1,-22.628520965576172,12.110972,13.144444
PiKSIp-112-109021-465867-125189-123174-211212-334242,587,1,-30.836610794067383,3.296912,3.9686198
PiKSIp-112-109021-465867-125189-123174-211212-334242,591,2,-19.736358642578125,1.5470691,1.0203261
PiKSIp-112-109021-465867-125189-123174-211212-334242,594,1,-18.39674949645996,1.3699054,-3.8650928
PiKSIp-112-109021-465867-125189-123174-211212-334242,600,2,-14.970675468444824,5.806881,2.27956
PiKSIp-112-109021-465867-125189-123174-211212-334242,603,1,-15.447497367858887,7.563891,3.078542
PiKSIp-112-109021-465867-125189-123174-211212-334242,607,2,-17.718751907348633,10.762669,5.1896815
PiKSIp-112-109021-465867-125189-123174-211212-334242,612,1,-19.169443130493164,12.531582,8.199509
PiKSIp-112-109021-465867-125189-123174-211212-334242,614,1,-20.021228790283203,10.356288,4.5536394
PiKSIp-112-109021-465867-125189-123174-211212-334242,616,1,-21.02451515197754,18.75902,13.566703
PiKSIp-112-109021-465867-125189-123174-211212-334242,624,1,-28.89706802368164,4.0498695,1.0472147
PiKSIp-112-109021-465867-125189-123174-211212-334242,626,1,-32.07736587524414,5.412276,-0.92122316
PiKSIp-112-109021-465867-125189-123174-211212-334242,633,2,-39.248504638671875,7.440441,-4.187141
PiKSIp-112-109021-465867-125189-123174-211212-334242,639,1,-39.878570556640625,7.33113,2.3146195
PiKSIp-112-109021-465867-125189-123174-211212-334242,646,2,-44.50717544555664,9.867519,6.294673
PiKSIp-112-109021-465867-125189-123174-211212-334242,649,2,-48.56789016723633,9.840554,5.804674
PiKSIp-112-109021-465867-125189-123174-211212-334242,652,1,-55.31689453125,2.029588,6.1266737
PiKSIp-112-109021-465867-125189-123174-211212-334242,660,1,-33.724853515625,-0.8023661,-0.23906374
PiKSIp-112-109021-465867-125189-123174-211212-334242,692,1,-24.94717788696289,3.1674328,6.6429424
PiKSIp-112-109021-465867-125189-123174-211212-334242,695,1,-25.21761703491211,3.5011423,7.203908
PiKSIp-112-109021-465867-125189-123174-211212-334242,707,1,-32.99700927734375,8.180597,8.972827
PiKSIp-112-109021-465867-125189-123174-211212-334242,713,1,-37.781368255615234,5.8834357,-3.2359288
PiKSIp-112-109021-465867-125189-123174-211212-334242,719,1,-38.37522888183594,9.785258,6.8977094
PiKSIp-112-109021-465867-125189-123174-211212-334242,721,1,-43.50373840332031,5.229509,-2.0098314
PiKSIp-112-109021-465867-125189-123174-211212-334242,725,1,-52.01835632324219,-3.955315,-11.140519
PiKSIp-112-109021-465867-125189-123174-211212-334242,729,1,-49.10859680175781,13.049128,-3.9458666
PiKSIp-112-109021-465867-125189-123174-211212-334242,731,1,-44.19454574584961,2.9235349,0.87288153
PiKSIp-112-109021-465867-125189-123174-211212-334242,735,1,-24.02421760559082,2.4844358,3.5560417
PiKSIp-112-109021-465867-125189-123174-211212-334242,737,1,-20.725461959838867,2.1870122,1.920721
PiKSIp-112-109021-465867-125189-123174-211212-334242,739,2,-21.018075942993164,1.6134967,3.1006408
PiKSIp-112-109021-465867-125189-123174-211212-334242,751,2,-19.57114028930664,2.9065082,0.70308656
PiKSIp-112-109021-465867-125189-123174-211212-334242,759,1,-19.3673152923584,4.1786785,4.762344
PiKSIp-112-109021-465867-125189-123174-211212-334242,870,1,-42.84563064575195,-0.09190668,-0.0925003
PiKSIp-112-109021-465867-125189-123174-211212-334242,873,1,-28.398983001708984,0.6658217,2.753332
PiKSIp-112-109021-465867-125189-123174-211212-334242,875,1,-23.012697219848633,1.4450951,-1.5370064
PiKSIp-112-109021-465867-125189-123174-211212-334242,885,1,-14.572047233581543,6.565155,2.9277227
PiKSIp-112-109021-465867-125189-123174-211212-334242,887,3,-14.4352388381958,3.9756432,0.25499845
PiKSIp-112-109021-465867-125189-123174-211212-334242,891,1,-15.493754386901855,12.470818,12.777699
PiKSIp-112-109021-465867-125189-123174-211212-334242,900,2,-21.209850311279297,10.487672,4.744755
PiKSIp-112-109021-465867-125189-123174-211212-334242,908,1,-28.693614959716797,3.0021594,3.8866773
PiKSIp-112-109021-465867-125189-123174-211212-334242,911,2,-31.815507888793945,4.046874,0.88906115
PiKSIp-112-109021-465867-125189-123174-211212-334242,917,2,-39.96277618408203,1.7220312,0.75563693
PiKSIp-112-109021-465867-125189-123174-211212-334242,926,1,-42.09999465942383,10.733247,-3.6236289
PiKSIp-112-109021-465867-125189-123174-211212-334242,928,1,-40.83622741699219,7.5896797,-0.021233015
PiKSIp-112-109021-465867-125189-123174-211212-334242,931,1,-43.252864837646484,9.813551,3.400625
PiKSIp-112-109021-465867-125189-123174-211212-334242,933,1,-42.717342376708984,9.286784,0.43852508
PiKSIp-112-109021-465867-125189-123174-211212-334242,937,1,-45.5152587890625,6.9231606,-2.7407112
PiKSIp-112-109021-465867-125189-123174-211212-334242,942,1,-46.2396240234375,9.676578,4.0765004
PiKSIp-112-109021-465867-125189-123174-211212-334242,944,1,-45.24613952636719,7.55121,1.8879706
PiKSIp-112-109021-465867-125189-123174-211212-334242,946,1,-31.81058120727539,-0.9507901,-0.16487324
PiKSIp-112-109021-465867-125189-123174-211212-334242,952,1,-21.318103790283203,-0.16852961,-1.0678573
PiKSIp-112-109021-465867-125189-123174-211212-334242,954,1,-20.08538055419922,2.6092174,1.5349716
PiKSIp-112-109021-465867-125189-123174-211212-334242,958,1,-16.322681427001953,0.14627591,0.009305865
PiKSIp-112-109021-465867-125189-123174-211212-334242,961,2,-17.405105590820312,0.059091434,-0.53873247
PiKSIp-112-109021-465867-125189-123174-211212-334242,967,2,-19.96204948425293,1.1669374,1.7019081
PiKSIp-112-109021-465867-125189-123174-211212-334242,973,2,-29.601593017578125,2.264629,2.1283212
PiKSIp-112-109021-465867-125189-123174-211212-334242,1010,1,-39.368186950683594,7.3733525,13.636978
d4LtRw-656-379354-74769-192385-202921-93885-62534,7,1,-69.75463104248047,2.4453301,-3.0822144
d4LtRw-656-379354-74769-192385-202921-93885-62534,27,1,-29.867191314697266,18.161041,13.792578
d4LtRw-656-379354-74769-192385-202921-93885-62534,70,1,-34.439659118652344,4.834982,5.4477434
d4LtRw-656-379354-74769-192385-202921-93885-62534,74,1,-34.78059005737305,8.748864,8.482712
d4LtRw-656-379354-74769-192385-202921-93885-62534,97,1,-34.00104904174805,1.7551541,1.4997017
d4LtRw-656-379354-74769-192385-202921-93885-62534,112,1,-28.13762664794922,7.256825,7.880785
d4LtRw-656-379354-74769-192385-202921-93885-62534,127,1,-27.648447036743164,19.041012,18.974527
d4LtRw-656-379354-74769-192385-202921-93885-62534,184,1,-27.999513626098633,2.455743,1.9767426
d4LtRw-656-379354-74769-192385-202921-93885-62534,221,1,-33.078956604003906,-1.149449,-1.2891443
d4LtRw-656-379354-74769-192385-202921-93885-62534,247,1,-28.650188446044922,11.214783,10.340482
d4LtRw-656-379354-74769-192385-202921-93885-62534,325,1,-24.074392318725586,15.034265,15.800362
d4LtRw-656-379354-74769-192385-202921-93885-62534,347,1,-23.240440368652344,16.032558,16.291666
d4LtRw-656-379354-74769-192385-202921-93885-62534,350,1,-23.213537216186523,16.621698,17.707277
d4LtRw-656-379354-74769-192385-202921-93885-62534,354,1,-22.889957427978516,15.88944,14.870511
d4LtRw-656-379354-74769-192385-202921-93885-62534,356,1,-22.5828914642334,11.955206,10.777164
d4LtRw-656-379354-74769-192385-202921-93885-62534,376,1,-22.59695816040039,19.567291,18.429476
d4LtRw-656-379354-74769-192385-202921-93885-62534,383,1,-22.32097816467285,15.081357,14.150323
d4LtRw-656-379354-74769-192385-202921-93885-62534,422,1,-39.15558624267578,-0.2977874,-0.76469785
d4LtRw-656-379354-74769-192385-202921-93885-62534,434,1,-27.545406341552734,0.59834677,0.56024694
d4LtRw-656-379354-74769-192385-202921-93885-62534,436,1,-26.422107696533203,4.1209755,-1.0418164
d4LtRw-656-379354-74769-192385-202921-93885-62534,448,1,-29.847393035888672,14.555845,14.07933
d4LtRw-656-379354-74769-192385-202921-93885-62534,452,2,-28.721057891845703,2.554176,3.4512644
d4LtRw-656-379354-74769-192385-202921-93885-62534,455,3,-28.262052536010742,-0.039468523,-0.59516686
d4LtRw-656-379354-74769-192385-202921-93885-62534,459,1,-27.18899154663086,3.6166348,3.0796218
d4LtRw-656-379354-74769-192385-202921-93885-62534,462,1,-26.472747802734375,7.2698407,9.199365
d4LtRw-656-379354-74769-192385-202921-93885-62534,464,1,-25.191009521484375,6.9223475,5.6559634
d4LtRw-656-379354-74769-192385-202921-93885-62534,467,2,-24.254764556884766,6.5711184,5.135481
d4LtRw-656-379354-74769-192385-202921-93885-62534,471,2,-23.60689353942871,7.9114733,8.634881
d4LtRw-656-379354-74769-192385-202921-93885-62534,474,4,-23.586637496948242,6.163685,3.7690825
d4LtRw-656-379354-74769-192385-202921-93885-62534,479,1,-24.043577194213867,7.7918234,4.054405
d4LtRw-656-379354-74769-192385-202921-93885-62534,484,1,-23.846023559570312,9.735614,10.893299
d4LtRw-656-379354-74769-192385-202921-93885-62534,489,2,-24.17703628540039,10.480898,8.887759
d4LtRw-656-379354-74769-192385-202921-93885-62534,493,1,-24.673828125,11.065962,9.885962
d4LtRw-656-379354-74769-192385-202921-93885-62534,499,1,-24.380046844482422,16.28228,17.046688
d4LtRw-656-379354-74769-192385-202921-93885-62534,515,2,-31.975101470947266,5.363726,7.074587
d4LtRw-656-379354-74769-192385-202921-93885-62534,533,1,-28.840408325195312,14.864245,18.800957
d4LtRw-656-379354-74769-192385-202921-93885-62534,547,1,-26.409130096435547,15.423462,17.735504
d4LtRw-656-379354-74769-192385-202921-93885-62534,566,1,-48.091712951660156,-0.9566435,-0.9620341
d4LtRw-656-379354-74769-192385-202921-93885-62534,577,1,-32.599937438964844,5.2135363,5.4312286
d4LtRw-656-379354-74769-192385-202921-93885-62534,579,1,-32.5009765625,6.6018963,6.9155717
d4LtRw-656-379354-74769-192385-202921-93885-62534,584,1,-32.534263610839844,11.777967,14.441067
d4LtRw-656-379354-74769-192385-202921-93885-62534,592,2,-30.736482620239258,15.3677,15.659608
d4LtRw-656-379354-74769-192385-202921-93885-62534,597,1,-30.051250457763672,16.423279,14.247774
d4LtRw-656-379354-74769-192385-202921-93885-62534,600,1,-29.334869384765625,14.098717,10.123447
d4LtRw-656-379354-74769-192385-202921-93885-62534,604,1,-28.910839080810547,17.090445,16.460201
d4LtRw-656-379354-74769-192385-202921-93885-62534,609,1,-29.351022720336914,10.665125,10.940153
d4LtRw-656-379354-74769-192385-202921-93885-62534,619,2,-30.710575103759766,4.6963162,3.2389286
d4LtRw-656-379354-74769-192385-202921-93885-62534,622,1,-31.405773162841797,11.687631,11.515616
d4LtRw-656-379354-74769-192385-202921-93885-62534,626,2,-36.13701248168945,0.75171494,-0.11699113
d4LtRw-656-379354-74769-192385-202921-93885-62534,639,1,-22.88195037841797,-0.02380202,-0.037674554
d4LtRw-656-379354-74769-192385-202921-93885-62534,644,2,-24.67230987548828,4.2194443,3.6688204
d4LtRw-656-379354-74769-192385-202921-93885-62534,650,1,-32.44451141357422,7.9948635,5.961924
d4LtRw-656-379354-74769-192385-202921-93885-62534,653,2,-32.625144958496094,4.4225254,2.5293198
d4LtRw-656-379354-74769-192385-202921-93885-62534,658,1,-31.648426055908203,15.438939,17.840765
d4LtRw-656-379354-74769-192385-202921-93885-62534,661,1,-31.325531005859375,14.902321,17.512012
d4LtRw-656-379354-74769-192385-202921-93885-62534,668,1,-29.604711532592773,16.61142,17.593525
d4LtRw-656-379354-74769-192385-202921-93885-62534,674,1,-27.977577209472656,8.443847,8.012315
d4LtRw-656-379354-74769-192385-202921-93885-62534,678,1,-27.06537437438965,12.1419525,9.980592
d4LtRw-656-379354-74769-192385-202921-93885-62534,681,1,-26.82817840576172,14.032785,14.49605
d4LtRw-656-379354-74769-192385-202921-93885-62534,684,1,-26.77774429321289,16.456396,17.041286
d4LtRw-656-379354-74769-192385-202921-93885-62534,688,1,-26.564485549926758,8.041414,6.6720066
d4LtRw-656-379354-74769-192385-202921-93885-62534,690,1,-26.003761291503906,10.47267,8.104893
d4LtRw-656-379354-74769-192385-202921-93885-62534,695,2,-27.782608032226562,6.8068724,7.140989
d4LtRw-656-379354-74769-192385-202921-93885-62534,704,1,-43.426353454589844,-0.07206052,-1.9304395
d4LtRw-656-379354-74769-192385-202921-93885-62534,708,1,-53.86940383911133,4.150188,-3.0253234
d4LtRw-656-379354-74769-192385-202921-93885-62534,711,2,-35.535491943359375,0.35330397,-0.032923557
d4LtRw-656-379354-74769-192385-202921-93885-62534,714,2,-35.38426971435547,-0.32401717,-0.63713795
d4LtRw-656-379354-74769-192385-202921-93885-62534,717,1,-35.42762756347656,1.2607898,-1.2483331
d4LtRw-656-379354-74769-192385-202921-93885-62534,719,1,-34.77190017700195,1.20631,-1.1935862
d4LtRw-656-379354-74769-192385-202921-93885-62534,722,1,-33.972137451171875,4.3702273,6.0432076
d4LtRw-656-379354-74769-192385-202921-93885-62534,756,1,-32.36183547973633,18.162634,18.279598
d4LtRw-656-379354-74769-192385-202921-93885-62534,758,1,-32.39968490600586,18.52355,18.417948
d4LtRw-656-379354-74769-192385-202921-93885-62534,766,1,-32.7584342956543,19.848917,21.367256
d4LtRw-656-379354-74769-192385-202921-93885-62534,788,1,-52.46089172363281,0.32490924,-0.83908963
d4LtRw-656-379354-74769-192385-202921-93885-62534,795,1,-61.348907470703125,0.4523417,-5.626762
d4LtRw-656-379354-74769-192385-202921-93885-62534,812,1,-63.39473342895508,0.061500356,-4.9346123
d4LtRw-656-379354-74769-192385-202921-93885-62534,823,1,-65.64429473876953,-0.07412548,-5.8112855
d4LtRw-656-379354-74769-192385-202921-93885-62534,838,1,-53.864192962646484,1.054177,-2.790737
d4LtRw-656-379354-74769-192385-202921-93885-62534,852,1,-51.7735595703125,0.32828897,0.84893024
d4LtRw-656-379354-74769-192385-202921-93885-62534,860,1,-25.71396827697754,12.472583,12.519878
d4LtRw-656-379354-74769-192385-202921-93885-62534,864,1,-24.95620346069336,11.111052,10.637492
d4LtRw-656-379354-74769-192385-202921-93885-62534,876,1,-20.596439361572266,17.447311,16.601967
d4LtRw-656-379354-74769-192385-202921-93885-62534,882,1,-18.28650665283203,16.842096,17.641958
d4LtRw-656-379354-74769-192385-202921-93885-62534,885,1,-17.857126235961914,9.148891,8.80087
d4LtRw-656-379354-74769-192385-202921-93885-62534,888,1,-17.502214431762695,14.3527355,12.30764
d4LtRw-656-379354-74769-192385-202921-93885-62534,896,1,-15.97260570526123,17.616482,15.454815
d4LtRw-656-379354-74769-192385-202921-93885-62534,911,2,-16.085189819335938,6.13141,5.507276
d4LtRw-656-379354-74769-192385-202921-93885-62534,920,4,-16.222875595092773,-0.7211069,-0.76614684
d4LtRw-656-379354-74769-192385-202921-93885-62534,931,2,-20.059722900390625,6.5945106,11.442198
d4LtRw-656-379354-74769-192385-202921-93885-62534,941,1,-17.892234802246094,11.1239395,12.866516
d4LtRw-656-379354-74769-192385-202921-93885-62534,982,1,-25.17379379272461,8.191146,8.195833
d4LtRw-656-379354-74769-192385-202921-93885-62534,987,1,-26.064931869506836,3.1901016,6.3443975
d4LtRw-656-379354-74769-192385-202921-93885-62534,991,1,-30.16719627380371,3.2769039,4.869117
d4LtRw-656-379354-74769-192385-202921-93885-62534,996,1,-30.39907455444336,9.079704,7.7686543
d4LtRw-656-379354-74769-192385-202921-93885-62534,1002,1,-23.902551651000977,11.922785,13.951177
d4LtRw-656-379354-74769-192385-202921-93885-62534,1014,3,-23.69043731689453,4.8135624,3.6881778
d4LtRw-656-379354-74769-192385-202921-93885-62534,1024,1,-28.97928237915039,6.3523073,7.5939994
d4LtRw-656-379354-74769-192385-202921-93885-62534,1032,1,-25.653404235839844,3.2779698,3.0941603
d4LtRw-656-379354-74769-192385-202921-93885-62534,1041,1,-24.404037475585938,5.3352456,6.340687
d4LtRw-656-379354-74769-192385-202921-93885-62534,1043,1,-24.129241943359375,6.023507,6.823495
d4LtRw-656-379354-74769-192385-202921-93885-62534,1058,2,-29.481964111328125,1.4643962,1.6710327
d4LtRw-656-379354-74769-192385-202921-93885-62534,1067,2,-26.731101989746094,7.0503206,4.94353
d4LtRw-656-379354-74769-192385-202921-93885-62534,1071,1,-25.34404754638672,2.98777,3.7141905
d4LtRw-656-379354-74769-192385-202921-93885-62534,1073,1,-24.736656188964844,3.1634889,3.067574
d4LtRw-656-379354-74769-192385-202921-93885-62534,1102,1,-21.84040069580078,9.867675,8.482139
d4LtRw-656-379354-74769-192385-202921-93885-62534,1111,1,-21.19649887084961,17.457584,16.23664
d4LtRw-656-379354-74769-192385-202921-93885-62534,1118,1,-20.644838333129883,8.591953,9.881722
d4LtRw-656-379354-74769-192385-202921-93885-62534,1167,1,-27.84185791015625,7.0957575,6.3639765
d4LtRw-656-379354-74769-192385-202921-93885-62534,1170,1,-27.5458927154541,11.551003,8.422227
d4LtRw-656-379354-74769-192385-202921-93885-62534,1177,1,-26.183155059814453,8.183235,7.631405
d4LtRw-656-379354-74769-192385-202921-93885-62534,1179,2,-25.822513580322266,4.095045,1.9499813
d4LtRw-656-379354-74769-192385-202921-93885-62534,1185,1,-25.88943099975586,15.600231,11.757652
d4LtRw-656-379354-74769-192385-202921-93885-62534,1200,1,-25.09392738342285,18.857662,20.434706
d4LtRw-656-379354-74769-192385-202921-93885-62534,1415,1,-31.475412368774414,6.257633,7.4372935
d4LtRw-656-379354-74769-192385-202921-93885-62534,1484,1,-31.780704498291016,12.584959,10.359709
d4LtRw-656-379354-74769-192385-202921-93885-62534,1486,2,-30.37388038635254,5.3949823,8.404812
d4LtRw-656-379354-74769-192385-202921-93885-62534,1511,1,-28.872499465942383,21.07087,23.647554
d4LtRw-656-379354-74769-192385-202921-93885-62534,1524,1,-28.55523109436035,14.88576,13.459417
d4LtRw-656-379354-74769-192385-202921-93885-62534,1529,2,-28.369264602661133,14.518752,13.87719
d4LtRw-656-379354-74769-192385-202921-93885-62534,1583,1,-28.116497039794922,18.854712,18.18642
d4LtRw-656-379354-74769-192385-202921-93885-62534,1585,2,-28.380931854248047,14.348763,11.631838
d4LtRw-656-379354-74769-192385-202921-93885-62534,1668,1,-83.00837707519531,-0.19672655,-16.355398
tTMeWp-326-264357-280816-2985-25721-189658-311379,16,1,-89.49181365966797,-0.003216228,-9.961825
tTMeWp-326-264357-280816-2985-25721-189658-311379,19,1,-41.77716827392578,0.67693245,-1.6804196
tTMeWp-326-264357-280816-2985-25721-189658-311379,34,1,-69.05564880371094,10.581885,9.040669
tTMeWp-326-264357-280816-2985-25721-189658-311379,87,1,-61.03763198852539,9.731733,11.539614
tTMeWp-326-264357-280816-2985-25721-189658-311379,93,1,-25.91649627685547,4.2456136,5.4766245
tTMeWp-326-264357-280816-2985-25721-189658-311379,154,1,-25.192136764526367,16.78683,13.575695
tTMeWp-326-264357-280816-2985-25721-189658-311379,287,1,-23.98004722595215,19.158506,21.285038
tTMeWp-326-264357-280816-2985-25721-189658-311379,312,1,-24.05094337463379,17.524832,18.039663
tTMeWp-326-264357-280816-2985-25721-189658-311379,400,1,-25.543190002441406,22.01912,24.812994
tTMeWp-326-264357-280816-2985-25721-189658-311379,436,1,-24.008962631225586,18.141235,20.561996
tTMeWp-326-264357-280816-2985-25721-189658-311379,447,1,-24.075401306152344,18.058092,19.301931
tTMeWp-326-264357-280816-2985-25721-189658-311379,552,1,-94.03710174560547,0.02544165,-12.51804
tTMeWp-326-264357-280816-2985-25721-189658-311379,560,1,-94.20024108886719,0.123403706,-12.403236
tTMeWp-326-264357-280816-2985-25721-189658-311379,562,2,-94.00718688964844,0.050458282,-10.805065
tTMeWp-326-264357-280816-2985-25721-189658-311379,577,2,-94.36973571777344,0.06286608,-12.59076
tTMeWp-326-264357-280816-2985-25721-189658-311379,584,1,-94.17950439453125,0.07214528,-12.122531
tTMeWp-326-264357-280816-2985-25721-189658-311379,607,1,-94.13833618164062,0.12131687,-12.165703
tTMeWp-326-264357-280816-2985-25721-189658-311379,652,1,-94.0975570678711,0.12552525,-12.200246
tTMeWp-326-264357-280816-2985-25721-189658-311379,668,1,-94.36973571777344,0.13829446,-12.604798
tTMeWp-326-264357-280816-2985-25721-189658-311379,675,1,-94.2210693359375,0.10229038,-12.151948
tTMeWp-326-264357-280816-2985-25721-189658-311379,685,1,-93.80333709716797,0.12906873,-11.927612
tTMeWp-326-264357-280816-2985-25721-189658-311379,700,1,-94.0975570678711,0.123863116,-12.3236065
tTMeWp-326-264357-280816-2985-25721-189658-311379,706,1,-94.32673645019531,0.09537442,-12.1489525
tTMeWp-326-264357-280816-2985-25721-189658-311379,716,1,-93.97747039794922,0.12323965,-12.120885
tTMeWp-326-264357-280816-2985-25721-189658-311379,721,1,-94.0975570678711,0.09355123,-11.701309
tTMeWp-326-264357-280816-2985-25721-189658-311379,724,2,-94.29476928710938,0.042384245,-12.278462
tTMeWp-326-264357-280816-2985-25721-189658-311379,731,1,-94.34818267822266,0.08264989,-12.063141
tTMeWp-326-264357-280816-2985-25721-189658-311379,742,1,-94.1178970336914,0.12380626,-12.260045
tTMeWp-326-264357-280816-2985-25721-189658-311379,744,1,-94.28416442871094,0.10985111,-11.03661
tTMeWp-326-264357-280816-2985-25721-189658-311379,751,1,-94.34818267822266,0.10776735,-12.451339
tTMeWp-326-264357-280816-2985-25721-189658-311379,764,1,-94.32673645019531,0.12563841,-12.446929
tTMeWp-326-264357-280816-2985-25721-189658-311379,780,1,-25.604164123535156,13.036692,15.869696
tTMeWp-326-264357-280816-2985-25721-189658-311379,812,1,-25.31275749206543,17.114824,14.985315
tTMeWp-326-264357-280816-2985-25721-189658-311379,831,1,-25.81145477294922,17.370455,18.148592
tTMeWp-326-264357-280816-2985-25721-189658-311379,850,1,-25.612430572509766,16.842514,16.611053
tTMeWp-326-264357-280816-2985-25721-189658-311379,866,1,-26.008411407470703,17.497746,16.303299
tTMeWp-326-264357-280816-2985-25721-189658-311379,875,1,-25.829221725463867,17.873802,18.094574
tTMeWp-326-264357-280816-2985-25721-189658-311379,877,1,-25.861873626708984,17.863134,16.925632
tTMeWp-326-264357-280816-2985-25721-189658-311379,953,1,-25.704145431518555,17.394814,15.94355
tTMeWp-326-264357-280816-2985-25721-189658-311379,964,1,-25.763343811035156,17.783854,17.940123
tTMeWp-326-264357-280816-2985-25721-189658-311379,972,1,-25.671384811401367,18.67362,18.48075
tTMeWp-326-264357-280816-2985-25721-189658-311379,983,1,-26.62393569946289,17.682346,16.678389
tTMeWp-326-264357-280816-2985-25721-189658-311379,993,1,-25.99755859375,13.911963,15.847784
tTMeWp-326-264357-280816-2985-25721-189658-311379,1086,1,-27.214326858520508,18.084967,17.325031
tTMeWp-326-264357-280816-2985-25721-189658-311379,1097,1,-28.61189842224121,20.091446,21.387579
tTMeWp-326-264357-280816-2985-25721-189658-311379,1128,1,-47.69538116455078,16.702398,13.861643
tTMeWp-326-264357-280816-2985-25721-189658-311379,1130,1,-48.48038101196289,14.389595,12.829947
tTMeWp-326-264357-280816-2985-25721-189658-311379,1150,1,-94.30540466308594,-0.3516912,-12.503181
tTMeWp-326-264357-280816-2985-25721-189658-311379,1171,1,-93.91864776611328,0.13221814,-11.83628
tTMeWp-326-264357-280816-2985-25721-189658-311379,1179,1,-94.45703125,0.11069706,-12.890898
tTMeWp-326-264357-280816-2985-25721-189658-311379,1195,1,-94.03710174560547,0.121922486,-12.177295
tTMeWp-326-264357-280816-2985-25721-189658-311379,1205,1,-94.13833618164062,0.114387795,-12.192848
tTMeWp-326-264357-280816-2985-25721-189658-311379,1219,1,-94.28416442871094,0.12864958,-12.400192
tTMeWp-326-264357-280816-2985-25721-189658-311379,1237,1,-94.0975570678711,0.13790528,-12.219199
tTMeWp-326-264357-280816-2985-25721-189658-311379,1252,1,-94.28416442871094,0.12484971,-12.447734
tTMeWp-326-264357-280816-2985-25721-189658-311379,1254,1,-94.39139556884766,0.09999657,-10.975858
tTMeWp-326-264357-280816-2985-25721-189658-311379,1264,1,-94.47914123535156,0.115899816,-12.593098
tTMeWp-326-264357-280816-2985-25721-189658-311379,1278,1,-94.24198913574219,0.09944811,-12.511039
tTMeWp-326-264357-280816-2985-25721-189658-311379,1284,2,-94.35894775390625,0.041971505,-12.318567
tTMeWp-326-264357-280816-2985-25721-189658-311379,1295,1,-94.30540466308594,0.14125326,-12.525785
tTMeWp-326-264357-280816-2985-25721-189658-311379,1302,1,-94.24198913574219,0.097356305,-12.416737
tTMeWp-326-264357-280816-2985-25721-189658-311379,1350,1,-94.17950439453125,0.12961799,-12.094346
tTMeWp-326-264357-280816-2985-25721-189658-311379,1357,1,-94.36973571777344,0.10012913,-12.269318
tTMeWp-326-264357-280816-2985-25721-189658-311379,1359,1,-94.523681640625,0.096381165,-11.159344
tTMeWp-326-264357-280816-2985-25721-189658-311379,1362,1,-94.28416442871094,0.078595996,-11.222758
tTMeWp-326-264357-280816-2985-25721-189658-311379,1382,1,-25.31674575805664,15.182195,17.945164
tTMeWp-326-264357-280816-2985-25721-189658-311379,1384,1,-24.815196990966797,15.812557,17.854584
tTMeWp-326-264357-280816-2985-25721-189658-311379,1387,1,-23.152864456176758,15.630789,16.421955
tTMeWp-326-264357-280816-2985-25721-189658-311379,1394,1,-22.89556312561035,16.425074,18.621365
tTMeWp-326-264357-280816-2985-25721-189658-311379,1403,1,-23.077930450439453,16.756144,17.393381
tTMeWp-326-264357-280816-2985-25721-189658-311379,1412,1,-22.963645935058594,19.56182,19.687254
tTMeWp-326-264357-280816-2985-25721-189658-311379,1418,1,-24.179269790649414,19.857927,19.600641
tTMeWp-326-264357-280816-2985-25721-189658-311379,1424,1,-23.854270935058594,18.026258,17.949049
tTMeWp-326-264357-280816-2985-25721-189658-311379,1429,1,-24.42781639099121,17.922173,18.894407
tTMeWp-326-264357-280816-2985-25721-189658-311379,1431,1,-24.56591796875,17.00426,16.935751
tTMeWp-326-264357-280816-2985-25721-189658-311379,1433,4,-24.060062408447266,9.222265,10.047294
tTMeWp-326-264357-280816-2985-25721-189658-311379,1442,1,-24.824100494384766,14.976702,16.283247
tTMeWp-326-264357-280816-2985-25721-189658-311379,1451,1,-24.95023536682129,21.547834,22.397781
tTMeWp-326-264357-280816-2985-25721-189658-311379,1464,1,-23.926942825317383,19.02569,22.310429
tTMeWp-326-264357-280816-2985-25721-189658-311379,1468,1,-23.971847534179688,16.786533,17.548244
tTMeWp-326-264357-280816-2985-25721-189658-311379,1473,4,-24.47950553894043,10.398424,10.605064
tTMeWp-326-264357-280816-2985-25721-189658-311379,1478,1,-24.661291122436523,17.665016,16.51026
tTMeWp-326-264357-280816-2985-25721-189658-311379,1480,1,-24.506092071533203,16.42239,18.464142
tTMeWp-326-264357-280816-2985-25721-189658-311379,1482,3,-24.499929428100586,10.482464,10.869825
tTMeWp-326-264357-280816-2985-25721-189658-311379,1487,1,-24.701072692871094,16.987679,18.564434
tTMeWp-326-264357-280816-2985-25721-189658-311379,1501,1,-25.634157180786133,21.027403,23.084064
tTMeWp-326-264357-280816-2985-25721-189658-311379,1512,1,-24.416980743408203,19.373304,22.515469
tTMeWp-326-264357-280816-2985-25721-189658-311379,1518,2,-24.233694076538086,14.606124,15.944152
tTMeWp-326-264357-280816-2985-25721-189658-311379,1523,1,-23.902952194213867,17.874416,21.906765
tTMeWp-326-264357-280816-2985-25721-189658-311379,1526,1,-24.72648811340332,19.50151,23.752598
tTMeWp-326-264357-280816-2985-25721-189658-311379,1528,1,-24.407644271850586,19.332222,23.422602
tTMeWp-326-264357-280816-2985-25721-189658-311379,1531,1,-25.077919006347656,19.374355,22.770824
tTMeWp-326-264357-280816-2985-25721-189658-311379,1536,2,-24.407020568847656,13.391193,14.340242
tTMeWp-326-264357-280816-2985-25721-189658-311379,1540,1,-25.157529830932617,20.431803,21.734016
tTMeWp-326-264357-280816-2985-25721-189658-311379,1544,1,-24.326818466186523,18.132359,21.159885
tTMeWp-326-264357-280816-2985-25721-189658-311379,1551,5,-24.459848403930664,9.5941,10.61216
tTMeWp-326-264357-280816-2985-25721-189658-311379,1557,3,-24.348628997802734,8.785583,10.27474
tTMeWp-326-264357-280816-2985-25721-189658-311379,1561,2,-24.381399154663086,12.140545,15.024299
tTMeWp-326-264357-280816-2985-25721-189658-311379,1569,2,-24.600143432617188,13.846161,15.864649
tTMeWp-326-264357-280816-2985-25721-189658-311379,1575,1,-24.674089431762695,19.647982,21.390219
tTMeWp-326-264357-280816-2985-25721-189658-311379,1577,1,-24.862586975097656,20.341755,21.359385
tTMeWp-326-264357-280816-2985-25721-189658-311379,1588,1,-24.664165496826172,19.58724,23.341827
tTMeWp-326-264357-280816-2985-25721-189658-311379,1590,1,-24.125030517578125,18.540194,22.443056
tTMeWp-326-264357-280816-2985-25721-189658-311379,1607,1,-24.322742462158203,20.881758,22.09234
tTMeWp-326-264357-280816-2985-25721-189658-311379,1611,1,-24.505098342895508,19.248384,20.355513
tTMeWp-326-264357-280816-2985-25721-189658-311379,1613,2,-23.962345123291016,14.025741,16.089737
tTMeWp-326-264357-280816-2985-25721-189658-311379,1622,1,-23.74738883972168,20.08396,22.964632
tTMeWp-326-264357-280816-2985-25721-189658-311379,1624,1,-23.403213500976562,18.058495,19.160738
tTMeWp-326-264357-280816-2985-25721-189658-311379,1627,1,-23.969364166259766,18.350967,21.444635
tTMeWp-326-264357-280816-2985-25721-189658-311379,1635,1,-23.917570114135742,20.193998,21.748787
tTMeWp-326-264357-280816-2985-25721-189658-311379,1637,1,-24.214570999145508,20.35035,20.84856
tTMeWp-326-264357-280816-2985-25721-189658-311379,1641,1,-24.375843048095703,19.737621,22.891174
tTMeWp-326-264357-280816-2985-25721-189658-311379,1645,1,-23.635353088378906,17.574442,20.121744
tTMeWp-326-264357-280816-2985-25721-189658-311379,1649,1,-23.300321578979492,19.364729,21.337383
tTMeWp-326-264357-280816-2985-25721-189658-311379,1657,1,-24.428194046020508,19.637434,22.504282
tTMeWp-326-264357-280816-2985-25721-189658-311379,1659,1,-23.820480346679688,19.192715,22.404852
tTMeWp-326-264357-280816-2985-25721-189658-311379,1665,3,-23.90906524658203,13.376135,14.9391365
tTMeWp-326-264357-280816-2985-25721-189658-311379,1676,2,-24.166860580444336,16.951868,19.448036
tTMeWp-326-264357-280816-2985-25721-189658-311379,1685,3,-24.918630599975586,13.934788,15.282992
tTMeWp-326-264357-280816-2985-25721-189658-311379,1695,6,-25.692174911499023,9.862504,10.689314
tTMeWp-326-264357-280816-2985-25721-189658-311379,1702,2,-26.249868392944336,11.380228,14.563034
tTMeWp-326-264357-280816-2985-25721-189658-311379,1707,1,-26.626937866210938,16.93974,21.247261
tTMeWp-326-264357-280816-2985-25721-189658-311379,1710,1,-28.599632263183594,19.560333,20.935642
tTMeWp-326-264357-280816-2985-25721-189658-311379,1714,1,-28.18488311767578,12.821907,13.048725
tTMeWp-326-264357-280816-2985-25721-189658-311379,1722,2,-30.192148208618164,16.226969,20.474155
tTMeWp-326-264357-280816-2985-25721-189658-311379,1725,2,-31.253772735595703,14.559296,16.205446
tTMeWp-326-264357-280816-2985-25721-189658-311379,1740,2,-43.29731369018555,21.048231,18.592733
tTMeWp-326-264357-280816-2985-25721-189658-311379,1746,1,-46.371341705322266,16.080742,17.172749
tTMeWp-326-264357-280816-2985-25721-189658-311379,1759,1,-72.92159271240234,10.82924,5.2481956
tTMeWp-326-264357-280816-2985-25721-189658-311379,1766,3,-94.16573333740234,0.3448007,-12.141775
tTMeWp-326-264357-280816-2985-25721-189658-311379,1770,1,-94.43504333496094,0.088486485,-10.135162
tTMeWp-326-264357-280816-2985-25721-189658-311379,1774,1,-93.87986755371094,0.04922789,-11.785506
tTMeWp-326-264357-280816-2985-25721-189658-311379,1777,1,-93.95777893066406,0.07151486,-11.431412
tTMeWp-326-264357-280816-2985-25721-189658-311379,1779,2,-94.047119140625,0.030406136,-10.001464
tTMeWp-326-264357-280816-2985-25721-189658-311379,1782,4,-94.0975570678711,0.009035669,-9.649368
tTMeWp-326-264357-280816-2985-25721-189658-311379,1787,2,-94.2210693359375,0.0072456477,-10.269119
tTMeWp-326-264357-280816-2985-25721-189658-311379,1792,1,-93.97747039794922,0.051321503,-11.786657
tTMeWp-326-264357-280816-2985-25721-189658-311379,1797,4,-94.01713562011719,0.023098124,-11.204109
tTMeWp-326-264357-280816-2985-25721-189658-311379,1802,3,-94.2210693359375,0.0167846,-9.777693
tTMeWp-326-264357-280816-2985-25721-189658-311379,1806,1,-94.2210693359375,0.01487601,-9.497807
tTMeWp-326-264357-280816-2985-25721-189658-311379,1811,1,-94.07730865478516,0.06219501,-11.959215
tTMeWp-326-264357-280816-2985-25721-189658-311379,1818,1,-94.13833618164062,0.10338248,-12.324638
tTMeWp-326-264357-280816-2985-25721-189658-311379,1820,1,-94.2210693359375,0.11171944,-10.908476
tTMeWp-326-264357-280816-2985-25721-189658-311379,1827,2,-94.30540466308594,0.050928034,-12.284235
tTMeWp-326-264357-280816-2985-25721-189658-311379,1832,1,-94.34818267822266,0.084460385,-12.077976
tTMeWp-326-264357-280816-2985-25721-189658-311379,1856,2,-94.14859771728516,0.061835196,-12.236375
tTMeWp-326-264357-280816-2985-25721-189658-311379,1876,1,-93.82234191894531,0.105665915,-11.899645
tTMeWp-326-264357-280816-2985-25721-189658-311379,1888,2,-94.2210693359375,0.061894912,-12.349421
tTMeWp-326-264357-280816-2985-25721-189658-311379,2006,1,-20.122703552246094,22.542086,28.928432
tTMeWp-326-264357-280816-2985-25721-189658-311379,2066,1,-20.905441284179688,22.372509,29.762291
tTMeWp-326-264357-280816-2985-25721-189658-311379,2069,1,-21.029922485351562,21.963474,27.274426
tTMeWp-326-264357-280816-2985-25721-189658-311379,2154,1,-20.819358825683594,21.805494,28.595316
tTMeWp-326-264357-280816-2985-25721-189658-311379,2187,1,-20.79503631591797,22.254122,26.862785
tTMeWp-326-264357-280816-2985-25721-189658-311379,2199,1,-20.919281005859375,21.582035,26.46671
tTMeWp-326-264357-280816-2985-25721-189658-311379,2251,1,-21.307527542114258,21.571522,26.478651
tTMeWp-326-264357-280816-2985-25721-189658-311379,2295,1,-23.34890365600586,24.24264,26.72331
tTMeWp-326-264357-280816-2985-25721-189658-311379,2299,1,-23.672908782958984,23.935377,28.687918
tTMeWp-326-264357-280816-2985-25721-189658-311379,2334,1,-85.58898162841797,6.7687387,-3.4960933
