hyperparameter,method,metric,n_files,default_value,metric_at_default,best_value,metric_at_best,gain_over_default,median_time_ms_at_default,median_time_ms_at_best
ar_order,LPC,SNR (dB),200,256.0,15.448582104499998,1024.0,16.565652587,1.1170704825000008,131.9350939998003,456.7539725003371
ar_order,LPC,MR-STFT dist.,200,256.0,0.4652316958325,2048.0,0.390653874765,0.0745778210675,131.9350939998003,1312.8975584995715
ar_order,LPC,PLCMOS,200,256.0,2.3939678860505422,1536.0,2.506150513490041,0.1121826274394988,131.9350939998003,881.8432130010478
ar_order,LPC,ViSQOL MOS-LQO,200,256.0,4.507078158996375,1024.0,4.5291975033550536,0.02211934435867846,131.9350939998003,456.7539725003371
ar_order,NN,SNR (dB),200,256.0,15.2139258915,768.0,15.411036602500001,0.19711071100000055,2963.8019885001086,3513.024422500621
ar_order,NN,MR-STFT dist.,200,256.0,0.35999029919500003,768.0,0.357834302465,0.0021559967300000538,2963.8019885001086,3513.024422500621
ar_order,NN,PLCMOS,200,256.0,2.463175302704175,768.0,2.5196322713692982,0.056456968665123064,2963.8019885001086,3513.024422500621
ar_order,NN,ViSQOL MOS-LQO,200,256.0,4.497108354466891,384.0,4.507180866846792,0.010072512379900367,2963.8019885001086,2998.4657099998913
context_length_packets,LPC,SNR (dB),200,8.0,15.448582104499998,8.0,15.448582104499998,0.0,136.75456449982448,136.75456449982448
context_length_packets,LPC,MR-STFT dist.,200,8.0,0.4652316958325,16.0,0.46092508508999996,0.00430661074250005,136.75456449982448,145.79335750022437
context_length_packets,LPC,PLCMOS,200,8.0,2.393900673309962,16.0,2.4292587817509967,0.03535810844103482,136.75456449982448,145.79335750022437
context_length_packets,LPC,ViSQOL MOS-LQO,200,8.0,4.507078158996375,32.0,4.511301602456414,0.004223443460039,136.75456449982448,175.0549519993001
context_length_packets,NN,SNR (dB),200,8.0,15.2139258915,8.0,15.2139258915,0.0,2942.6745700002357,2942.6745700002357
context_length_packets,NN,MR-STFT dist.,200,8.0,0.35999029919500003,8.0,0.35999029919500003,0.0,2942.6745700002357,2942.6745700002357
context_length_packets,NN,PLCMOS,200,8.0,2.463851158340772,8.0,2.463851158340772,0.0,2942.6745700002357,2942.6745700002357
context_length_packets,NN,ViSQOL MOS-LQO,200,8.0,4.497108354466891,8.0,4.497108354466891,0.0,2942.6745700002357,2942.6745700002357
diagonal_load,LPC,SNR (dB),200,0.001,15.448582104499998,0.001,15.448582104499998,0.0,127.37073049993342,127.37073049993342
diagonal_load,LPC,MR-STFT dist.,200,0.001,0.4652316958325,1e-06,0.45245788038999996,0.012773815442500058,127.37073049993342,145.5247035009961
diagonal_load,LPC,PLCMOS,200,0.001,2.3950249634981158,1e-05,2.4090176039934157,0.013992640495299913,127.37073049993342,132.53438399988227
diagonal_load,LPC,ViSQOL MOS-LQO,200,0.001,4.507078158996375,0.0001,4.508325373212467,0.0012472142160921962,127.37073049993342,128.7182500000199
diagonal_load,NN,SNR (dB),200,0.001,15.2139258915,0.0001,15.215391620999998,0.0014657294999977921,3453.6403135007276,3256.5332354997736
diagonal_load,NN,MR-STFT dist.,200,0.001,0.35999029919500003,1e-05,0.35938759062000003,0.0006027085749999994,3453.6403135007276,3334.1325020001022
diagonal_load,NN,PLCMOS,200,0.001,2.462180164019267,0.0001,2.467193213780721,0.005013049761454003,3453.6403135007276,3256.5332354997736
diagonal_load,NN,ViSQOL MOS-LQO,200,0.001,4.497108354466891,1e-05,4.498362587701673,0.0012542332347820206,3453.6403135007276,3334.1325020001022
extra_dim,LPC,SNR (dB),200,256.0,15.448582104499998,16.0,16.302526079,0.8539439745000017,130.23342799988313,143.50102150001476
extra_dim,LPC,MR-STFT dist.,200,256.0,0.4652316958325,32.0,0.41521839933000004,0.05001329650249997,130.23342799988313,116.68519849990844
extra_dim,LPC,PLCMOS,200,256.0,2.407898163040479,384.0,2.4139215144316357,0.006023351391156506,130.23342799988313,140.3622190000533
extra_dim,LPC,ViSQOL MOS-LQO,200,256.0,4.507078158996375,32.0,4.544893795523154,0.037815636526778995,130.23342799988313,116.68519849990844
extra_dim,NN,SNR (dB),200,256.0,15.2139258915,16.0,16.032407809,0.818481917499998,3578.644246999829,3777.1773820004455
extra_dim,NN,MR-STFT dist.,200,256.0,0.35999029919500003,64.0,0.339319647775,0.02067065142000002,3578.644246999829,3527.6339059992097
extra_dim,NN,PLCMOS,200,256.0,2.4684779835144677,384.0,2.472472336848577,0.003994353334109135,3578.644246999829,3467.9722145001506
extra_dim,NN,ViSQOL MOS-LQO,200,256.0,4.497108354466891,128.0,4.508142948740209,0.011034594273318099,3578.644246999829,3632.008615999439
