file,n_packets,loss_rate_pct,complexity_flatness,snr_lpc,snr_nn,mrstft_lpc,mrstft_nn,plcmos_lpc,plcmos_nn,visqol_lpc,visqol_nn,time_ms_lpc,time_ms_nn,param,value
xX6Wce-607-140209-262731-151331-7708-427818-497426,1390,3.741007194244604,2.83738954749424e-05,15.759994,15.632087,0.22390361,0.21824694,2.888615942001343,2.9061408360799152,4.694550514082305,4.69341172433958,892.1714890002477,2206.96082700033,context_length_packets,1
wkCjvp-408-175927-2985-407790-280816-275802-343332,1046,15.965583173996176,0.0001569680607644841,9.514628,9.232512,0.72146606,0.5917449,1.8229398012161255,1.839676594734192,4.4649156934879,4.458816118867606,967.4088989995653,4915.771623999717,context_length_packets,1
PiKSIp-112-109021-465867-125189-123174-211212-334242,1021,9.10871694417238,0.000980529235675931,8.2043915,8.1152315,0.5694461,0.5043819,1.855605928103129,1.9408931573232016,4.2573238195678185,4.252394972961833,917.8807569996934,2847.6725769996847,context_length_packets,1
d4LtRw-656-379354-74769-192385-202921-93885-62534,1673,9.145248057381949,0.009153828024864197,11.241232,11.375803,0.4871931,0.43830988,2.7702563285827635,2.7726221243540445,4.443547053835889,4.417808800154223,960.7460330007598,4287.170636000155,context_length_packets,1
xX6Wce-607-140209-262731-151331-7708-427818-497426,1390,3.741007194244604,2.83738954749424e-05,17.922928,17.509523,0.19293606,0.20033675,2.9300087769826253,2.9495136737823486,4.704385542707891,4.701097409484436,878.9242160000867,2307.447928000329,context_length_packets,2
wkCjvp-408-175927-2985-407790-280816-275802-343332,1046,15.965583173996176,0.0001569680607644841,11.791502,11.087398,0.6487893,0.5307427,2.0535097757975262,2.057668654123942,4.508194232013308,4.4904566842666185,980.6202420004411,6149.470471000313,context_length_packets,2
PiKSIp-112-109021-465867-125189-123174-211212-334242,1021,9.10871694417238,0.000980529235675931,9.160334,8.33799,0.5304284,0.47588968,1.8727872292200725,1.908539589246114,4.279125215485783,4.273570407143564,915.8559210000021,3398.8874140004555,context_length_packets,2
d4LtRw-656-379354-74769-192385-202921-93885-62534,1673,9.145248057381949,0.009153828024864197,13.056593,13.058492,0.4209423,0.35958847,3.1615455309549967,3.1065344492594402,4.455316965948279,4.442742457878353,977.3374989999866,6002.57614200018,context_length_packets,2
xX6Wce-607-140209-262731-151331-7708-427818-497426,1390,3.741007194244604,2.83738954749424e-05,18.987879,18.306423,0.17700827,0.2007752,2.9510259946187336,2.9560336589813234,4.70999237590623,4.705402643508247,933.7602969999352,2635.9917070003576,context_length_packets,4
wkCjvp-408-175927-2985-407790-280816-275802-343332,1046,15.965583173996176,0.0001569680607644841,14.015402,12.578318,0.6013692,0.48492053,2.2971760749816896,2.2022603034973143,4.544596168337481,4.514228573013339,1023.827386999983,8052.006263000294,context_length_packets,4
PiKSIp-112-109021-465867-125189-123174-211212-334242,1021,9.10871694417238,0.000980529235675931,10.613712,9.287345,0.49280575,0.45784047,1.8890241940816244,1.9856769879659018,4.3166961785081845,4.27300009442936,966.9214100003956,4470.66768500008,context_length_packets,4
d4LtRw-656-379354-74769-192385-202921-93885-62534,1673,9.145248057381949,0.009153828024864197,13.570786,13.387541,0.38323903,0.3263188,3.3514827569325765,3.2081147034962973,4.462228258395196,4.459428372917013,996.2217230004171,7209.789067000202,context_length_packets,4
xX6Wce-607-140209-262731-151331-7708-427818-497426,1390,3.741007194244604,2.83738954749424e-05,19.298883,19.122536,0.16479601,0.17550175,2.9689055760701497,3.0271085262298585,4.714322061292057,4.709642771860491,903.897655000037,3343.8137840003037,context_length_packets,8
wkCjvp-408-175927-2985-407790-280816-275802-343332,1046,15.965583173996176,0.0001569680607644841,15.410692,14.607603,0.5742803,0.39834055,2.5077401479085286,2.751984977722168,4.5698171789669235,4.6080505730386205,992.5908879995404,10203.84591200036,context_length_packets,8
PiKSIp-112-109021-465867-125189-123174-211212-334242,1021,9.10871694417238,0.000980529235675931,11.044145,9.054494,0.47311696,0.3913177,1.9140138546625773,2.066063721974691,4.349204212824049,4.409757938769705,934.3846749998193,6025.056158000552,context_length_packets,8
d4LtRw-656-379354-74769-192385-202921-93885-62534,1673,9.145248057381949,0.009153828024864197,13.321982,13.066574,0.37147114,0.31430116,3.409251658121745,3.30652224222819,4.464944784240835,4.467606448486898,1001.0983919992213,6941.674714999863,context_length_packets,8
xX6Wce-607-140209-262731-151331-7708-427818-497426,1390,3.741007194244604,2.83738954749424e-05,18.637814,18.541384,0.16563842,0.18697934,2.976363213857015,2.9743604183197023,4.715813087333265,4.7031507188356425,55.55915199965966,1622.4208090006869,context_length_packets,16
wkCjvp-408-175927-2985-407790-280816-275802-343332,1046,15.965583173996176,0.0001569680607644841,15.838213,14.345465,0.56200343,0.41997755,2.5036508560180666,2.486688741048177,4.577604968871201,4.57921465196365,172.1681749995696,5835.343234999527,context_length_packets,16
PiKSIp-112-109021-465867-125189-123174-211212-334242,1021,9.10871694417238,0.000980529235675931,11.047287,8.576492,0.47472766,0.4225936,1.909631363550822,2.110174051920573,4.35107111675551,4.354018829266927,102.11723100019299,3073.2796250003958,context_length_packets,16
d4LtRw-656-379354-74769-192385-202921-93885-62534,1673,9.145248057381949,0.009153828024864197,13.022279,12.706743,0.3708849,0.31459698,3.4332862854003907,3.2480780601501467,4.464659529488304,4.472324679152515,157.67733400025463,5524.398741999903,context_length_packets,16
xX6Wce-607-140209-262731-151331-7708-427818-497426,1390,3.741007194244604,2.83738954749424e-05,17.681244,17.736757,0.17446168,0.19835502,2.966186539332072,2.960325829188029,4.71482766859665,4.700056293913687,76.54965199981234,3120.7925510007044,context_length_packets,32
wkCjvp-408-175927-2985-407790-280816-275802-343332,1046,15.965583173996176,0.0001569680607644841,15.741287,14.196287,0.5536701,0.42210233,2.4643751939137775,2.456417274475098,4.578569814069828,4.57325234630962,222.17442900000606,10088.885553999717,context_length_packets,32
PiKSIp-112-109021-465867-125189-123174-211212-334242,1021,9.10871694417238,0.000980529235675931,10.996858,8.544594,0.47325003,0.42276123,1.9034330288569132,2.1108084360758466,4.349112750443836,4.3513948956536375,125.60616599967034,5674.460954999631,context_length_packets,32
d4LtRw-656-379354-74769-192385-202921-93885-62534,1673,9.145248057381949,0.009153828024864197,12.373843,12.187441,0.38204813,0.32787934,3.4123016834259032,3.230473836263021,4.462283735536409,4.466950592867475,210.5373310005234,9313.072830999772,context_length_packets,32
xX6Wce-607-140209-262731-151331-7708-427818-497426,1390,3.741007194244604,2.83738954749424e-05,17.064991,17.041761,0.18170089,0.20978677,2.9536078929901124,2.9459078470865885,4.712997268002075,4.696719022211148,108.92831899946032,6220.340711000063,context_length_packets,64
wkCjvp-408-175927-2985-407790-280816-275802-343332,1046,15.965583173996176,0.0001569680607644841,14.999632,13.602805,0.54314286,0.4307607,2.401775534947713,2.4599882125854493,4.582246300730306,4.570875412031572,500.3451299999142,19209.27272500012,context_length_packets,64
PiKSIp-112-109021-465867-125189-123174-211212-334242,1021,9.10871694417238,0.000980529235675931,11.087865,8.621582,0.46563837,0.42083094,1.8901929299036662,2.1019547462463377,4.353455894361096,4.350505698212761,264.30976899973757,10780.942395999773,context_length_packets,64
d4LtRw-656-379354-74769-192385-202921-93885-62534,1673,9.145248057381949,0.009153828024864197,11.860486,11.609698,0.3928071,0.34519792,3.3551802317301433,3.1905271848042807,4.460485197995126,4.465831280390983,283.4161230002792,17552.531893000378,context_length_packets,64
xX6Wce-607-140209-262731-151331-7708-427818-497426,1390,3.741007194244604,2.83738954749424e-05,16.436451,16.553991,0.18871534,0.21710624,2.935967763264974,2.9289543628692627,4.710226795116875,4.694567586871035,232.98587099998258,9034.474454000701,context_length_packets,96
wkCjvp-408-175927-2985-407790-280816-275802-343332,1046,15.965583173996176,0.0001569680607644841,14.04622,12.667476,0.55003536,0.45722565,2.309231980641683,2.3165162881215413,4.572748242878791,4.548050474079539,489.8881970002549,28794.295511999735,context_length_packets,96
PiKSIp-112-109021-465867-125189-123174-211212-334242,1021,9.10871694417238,0.000980529235675931,11.176728,8.7779665,0.45133162,0.41177592,1.906497073173523,2.1078742345174155,4.384819717109211,4.358778403154317,264.0058710003359,15428.689879999183,context_length_packets,96
d4LtRw-656-379354-74769-192385-202921-93885-62534,1673,9.145248057381949,0.009153828024864197,11.432557,11.219491,0.40857396,0.36115742,3.297841469446818,3.10036293665568,4.456087385742611,4.461564952527245,410.31007099991257,26134.43699599975,context_length_packets,96
xX6Wce-607-140209-262731-151331-7708-427818-497426,1390,3.741007194244604,2.83738954749424e-05,16.070002,16.029816,0.19288814,0.22071151,2.91399245262146,2.908764680226644,4.708740707938465,4.692313805891882,187.94973100011703,10641.243222999947,context_length_packets,128
wkCjvp-408-175927-2985-407790-280816-275802-343332,1046,15.965583173996176,0.0001569680607644841,13.39884,12.253923,0.56054515,0.4690703,2.2260553359985353,2.2135404268900554,4.56225778665868,4.542140501030793,583.198817000266,35334.118535000016,context_length_packets,128
PiKSIp-112-109021-465867-125189-123174-211212-334242,1021,9.10871694417238,0.000980529235675931,11.539856,9.359926,0.44246903,0.3933562,1.9313858906428019,2.111485147476196,4.406488181061537,4.37532896597784,749.9014149998402,21048.626200999934,context_length_packets,128
d4LtRw-656-379354-74769-192385-202921-93885-62534,1673,9.145248057381949,0.009153828024864197,11.296694,11.099369,0.4147707,0.36609817,3.2073949495951335,3.0251354376475015,4.4537562203671905,4.461757495703804,1141.9817519999924,32115.758818999893,context_length_packets,128
xX6Wce-607-140209-262731-151331-7708-427818-497426,1390,3.741007194244604,2.83738954749424e-05,15.884105,15.997573,0.197897,0.2262576,2.902490584055583,2.9070152918497723,4.706921033221182,4.6878245698973675,339.73242600040976,16847.88358300011,context_length_packets,192
wkCjvp-408-175927-2985-407790-280816-275802-343332,1046,15.965583173996176,0.0001569680607644841,12.6440525,11.837374,0.5706179,0.48067167,2.069236079851786,2.1252105236053467,4.545898143341877,4.532970444049025,853.1414730005054,49184.7083269995,context_length_packets,192
PiKSIp-112-109021-465867-125189-123174-211212-334242,1021,9.10871694417238,0.000980529235675931,11.531438,9.446301,0.4412233,0.39348587,1.9180312554041545,2.109294398625692,4.403816432028637,4.374029154347345,435.19827900036034,29434.539560999838,context_length_packets,192
d4LtRw-656-379354-74769-192385-202921-93885-62534,1673,9.145248057381949,0.009153828024864197,10.582287,10.490397,0.4372026,0.3859737,3.108830229441325,2.898445224761963,4.447975516383592,4.4580052118861,780.1314150001417,44231.97659500056,context_length_packets,192
xX6Wce-607-140209-262731-151331-7708-427818-497426,1390,3.741007194244604,2.83738954749424e-05,15.503793,15.602898,0.20226546,0.23246378,2.8940022627512616,2.8922126134236654,4.705297515972632,4.683396129661174,367.8445510004167,22580.362151000372,context_length_packets,256
wkCjvp-408-175927-2985-407790-280816-275802-343332,1046,15.965583173996176,0.0001569680607644841,12.077839,11.689009,0.58117086,0.47752094,2.0695752143859862,2.1437089920043944,4.540464751637094,4.523731459381737,1359.9618629996257,62972.1489880003,context_length_packets,256
PiKSIp-112-109021-465867-125189-123174-211212-334242,1021,9.10871694417238,0.000980529235675931,11.194136,9.43457,0.45391095,0.40258852,1.9005748748779296,2.104296159744263,4.378016181857267,4.3611174159814965,731.4234049999868,36801.26391900012,context_length_packets,256
d4LtRw-656-379354-74769-192385-202921-93885-62534,1673,9.145248057381949,0.009153828024864197,10.451395,10.522863,0.44307992,0.3855318,2.978851143519084,2.8183358669281007,4.443910955751496,4.457161921789246,1083.6179309999352,55813.93071699949,context_length_packets,256
