file,n_packets,loss_rate_pct,complexity_flatness,snr_lpc,snr_nn,mrstft_lpc,mrstft_nn,plcmos_lpc,plcmos_nn,visqol_lpc,visqol_nn
xX6Wce-607-140209-262731-151331-7708-427818-497426,1390,3.741007194244604,2.83738954749424e-05,19.298883,19.122358,0.16479601,0.17550516,2.95945192972819,3.009575112660726,4.714322056877405,4.709639662783433
l3Lvae-611-211084-218396-212842-198509-334833-311379,1390,4.244604316546763,4.941728548146784e-05,20.58277,21.333473,0.17252485,0.17898953,3.292297108968099,3.3450352986653646,4.708537125903867,4.699683692072085
FPRIpe-578-474864-126584-425422-304828-148409-10737,1550,9.096774193548388,7.081195508362725e-05,11.283905,12.78434,0.4145743,0.42431152,2.8087326208750407,2.987542406717936,4.630203393317215,4.539279886140063
f5sCDf-435-355130-41798-395609-377902-35325-116061,1378,11.901306240928882,9.696379493107088e-06,13.926263,12.400969,0.4498067,0.5137113,1.7881070375442505,1.7871446053187052,4.647536409829906,4.4015523021497724
wH6bMa-009-144175-39168-315211-114587-333757-10048,1033,7.55082284607938,4.100139267393388e-05,13.704149,14.038829,0.5338286,0.31946895,1.5529504617055256,1.5060083786646525,4.5161869496502955,4.544954405793986
3hvoVa-051-2307-202921-218396-175927-14787-464643,1033,5.324298160696999,1.6514632079633884e-05,16.275755,16.730114,0.29833236,0.22396769,1.5970862627029419,1.6641572952270507,4.674568176194838,4.658721515816875
P4ZKje-597-228203-427818-407728-174918-211212-250174,1550,22.967741935483872,0.0001234940718859434,7.6027403,7.915792,0.9570301,0.76626176,1.3825045744578044,1.5303749799728394,4.377046067909193,4.363965229239136
9a98Kf-464-298969-472051-292323-179462-78575-496080,1181,7.281964436917867,5.5254073231481016e-05,13.93914,14.5163355,0.34884915,0.26279843,2.9831164677937827,2.939210637410482,4.394738659170914,4.476070202140749
wkCjvp-408-175927-2985-407790-280816-275802-343332,1046,15.965583173996176,0.0001569680607644841,15.410692,14.607696,0.5742803,0.39834163,2.537518771489461,2.7328192392985025,4.569816848456531,4.6080745411104775
0Rve0i-524-469450-332402-376902-283921-64116-240504,1140,5.087719298245614,0.0009046242921613157,14.01273,12.991134,0.31087664,0.23086827,2.2530836900075277,2.2721396605173747,4.072175446567902,4.314133421802628
cUyODs-564-324456-286869-479691-123056-485468-274323,1636,14.60880195599022,0.0006575641455128789,9.635189,9.116009,0.67387277,0.5210658,1.4980652014414468,1.4352986335754394,4.506474621541891,4.515674661364667
ofs2Us-561-469223-161307-229618-187519-295308-129107,1636,15.831295843520781,0.0003641763178166002,10.91452,10.881309,0.66391516,0.4517796,2.4457942485809325,2.7837695121765136,4.264121559803231,4.312079824017301
yc5Hmf-494-469130-474206-203381-91840-123056-149498,1722,13.472706155632984,0.00020981418492738158,8.840975,8.884399,0.6341179,0.57117844,2.775924285252889,2.574938933054606,4.434271228599277,4.334401960344673
KIklei-503-156368-5054-151331-161307-380077-177809,898,12.138084632516703,0.000185836324817501,9.001482,7.0232444,0.6696749,0.53067005,1.6045344670613606,1.618607465426127,3.3651546135308443,3.7672927382495107
lDN6of-450-91840-427818-353502-327883-210172-489807,1722,25.02903600464576,0.000440589792560786,5.9864626,3.9133012,1.2766613,0.8385873,1.304140853881836,1.5383094072341919,3.793613528797554,3.8962696060471647
5Lu6ui-514-135410-151381-124082-173176-644-324310,744,9.946236559139784,0.00026409313431940973,11.677298,9.31722,0.49618462,0.38973284,1.436329444249471,1.466610352198283,4.557233338652799,4.599591530803442
PiKSIp-112-109021-465867-125189-123174-211212-334242,1021,9.10871694417238,0.000980529235675931,11.044145,9.054386,0.47311696,0.3913217,1.9501845439275105,2.0501372178395587,4.349204467337293,4.409744031813622
9f3Qjw-657-129013-78427-348770-228203-60643-7188,839,7.866507747318235,0.0029710158705711365,15.370718,15.054762,0.36217824,0.25569502,2.2948395729064943,2.3687593936920166,4.495918280557783,4.511287916604561
0mk6rp-310-146145-90733-51581-27791-50416-437215,1608,1.7412935323383085,0.0014768074033781886,24.851276,25.074911,0.08778381,0.06824169,2.274462683995565,2.3359399954477946,4.714472564535356,4.715336327254812
U5aQJe-592-437270-129013-295308-406364-103913-497087,1550,4.451612903225807,0.001561999088153243,15.732475,16.184397,0.28273863,0.20663778,2.3727826913197836,2.385298999150594,4.635372982940508,4.658440401228814
tztd5w-640-23535-348077-410307-64116-151381-134118,1176,11.989795918367346,0.0032262594904750586,14.494774,14.294824,0.52131385,0.342208,3.830365037918091,3.674468517303467,4.263831675128499,4.296983683881878
IZG94w-666-98443-418034-470600-161118-288253-129889,1707,7.147041593438781,0.004833240993320942,16.535086,15.685,0.2998632,0.2610381,4.059294986724853,3.570369291305542,4.462996340624356,4.42828204101355
69ZMRp-276-162832-2757-113105-349816-17243-289593,1207,16.23860811930406,0.0009542101179249585,12.844868,12.753319,0.6160981,0.47644767,1.4098618745803833,1.3461806535720826,4.337845173043027,4.319678174264533
lzFhsp-134-377273-280816-60681-369034-268009-11995,1625,3.076923076923077,0.0012218672782182693,21.386003,21.3398,0.14946134,0.11119982,4.6501256942749025,4.746253490447998,4.680702661422574,4.680534170759193
d4LtRw-656-379354-74769-192385-202921-93885-62534,1673,9.145248057381949,0.009153828024864197,13.321982,13.066528,0.37147114,0.314302,3.4194360891977946,3.294191614786784,4.464944702070415,4.467606470128441
JCRPTw-618-129107-479691-343332-355104-157595-129013,1894,30.517423442449843,0.0062578716315329075,6.4210663,5.5243645,1.2287956,0.90527725,2.163575839996338,1.980718445777893,3.8061442952965923,3.8685816567976667
vTx6Wp-073-38459-458554-472051-230200-332402-365346,1099,10.009099181073704,0.006727493368089199,14.482019,14.466725,0.3865027,0.30747095,1.7654270887374879,1.8825371662775676,4.477667012229578,4.463334806638967
5OQdwp-063-348077-460359-16661-112031-224170-197606,1404,2.7777777777777777,0.005658838432282209,18.171207,18.242027,0.15097433,0.12740469,3.469149430592855,3.493947887420654,4.650978050997968,4.653540738733714
ui9aDp-122-292323-379538-386883-287427-306759-88721,1070,4.579439252336448,0.009513289667665958,18.556667,18.499908,0.21865515,0.1718321,2.855361747741699,3.0200519720713297,4.659672328661388,4.6597626412015
O7tsRw-671-38597-125620-126584-128202-343308-240298,1734,7.035755478662054,0.009212201461195946,14.850111,14.814203,0.34473953,0.24628602,3.1960785388946533,3.143364445368449,4.504881277401729,4.521473850380099
uIq5Cp-346-271293-199372-348733-164849-450557-397909,1966,2.899287894201424,0.015138654969632626,17.10264,16.977392,0.18756597,0.15771544,2.6686100641886394,2.7463682969411214,4.69868132849411,4.703152060523447
1Q0zzp-067-496080-227228-300626-311379-247007-1214,1044,3.4482758620689653,0.020670078694820404,32.90767,31.812296,0.09943211,0.09699973,4.247841803232829,4.237047608693441,4.721734803527481,4.720384499195996
tTMeWp-326-264357-280816-2985-25721-189658-311379,2359,8.902077151335313,0.04867259040474892,24.404257,25.512432,0.31602845,0.24640234,3.3750946203867596,3.4482833544413247,4.698498082736034,4.707229457234151
8b8sWp-275-88756-348733-183720-134118-226233-129107,1202,3.577371048252912,0.031784262508153915,21.058485,21.194202,0.1641322,0.14063562,3.5692029635111493,3.568138281504313,4.720569332276563,4.716298625567366
6TUCvp-352-108130-78807-55646-250174-386302-414547,1874,14.300960512273212,0.02210024558007717,14.187383,14.640659,0.5606267,0.41742387,2.3220938046773276,2.766367197036743,4.338662268974165,4.355744408274878
7gnoMp-243-13140-469001-90733-352371-418901-62534,1349,14.381022979985175,0.03019716590642929,12.145805,11.7959795,0.74269366,0.47100857,1.9463736534118652,2.4061729113260903,4.64248850088611,4.591084776746053
rkSMcp-349-162269-339484-74769-12865-363552-41411,1411,14.386959603118354,0.02514478750526905,17.177319,17.303122,0.4998373,0.44365454,1.7090890169143678,1.6576220194498699,4.69013523311714,4.502330579406431
IIhdup-184-282845-322947-195637-315211-10737-386302,986,6.896551724137931,0.07097651064395905,21.714895,21.724703,0.31331837,0.19331686,1.3895954688390095,1.4713638146718344,4.59891098191939,4.632391702720968
mCLt3p-410-320846-476924-422977-274323-99711-177809,1085,1.4746543778801844,0.022891782224178314,26.658157,26.742228,0.064242594,0.056651022,2.284554386138916,2.339103015263875,4.728205261346718,4.726716229552737
fZg66p-070-68221-216978-377273-239730-53784-3467,994,29.577464788732392,0.03719060495495796,18.265745,19.695501,0.93438125,0.64917797,3.5352036794026693,4.14731388092041,4.583166003594122,4.553870080529409
